Draw,1st Number,2nd Number,3,4,5,6th Number,Additional Number
2341,3,6,11,14,15,28,45
2342,2,7,18,19,21,39,45
2343,10,22,32,41,42,43,44
2344,5,12,14,17,18,38,40
2345,5,10,17,25,27,36,39
2346,5,13,21,25,27,40,44
2347,2,5,9,20,21,24,42
2348,4,16,21,26,28,31,37
2349,9,10,14,18,30,31,34
2350,4,4,10,12,20,42,43
2351,8,14,17,19,21,25,38
2352,3,11,11,15,23,31,42
2353,6,7,14,28,36,38,45
2354,4,6,18,18,22,27,29
2355,5,9,19,21,30,41,45
2356,6,8,12,15,25,33,37
2357,2,11,16,28,32,44,45
2358,1,5,14,29,34,37,39
2359,4,8,25,33,39,40,45
2360,8,8,17,20,39,41,44
2361,8,10,11,20,23,40,41
2362,11,12,13,15,21,25,32
2363,10,18,23,31,37,38,41
2364,6,10,18,21,22,30,35
2365,1,15,17,25,26,38,42
2366,9,10,22,27,29,36,39
2367,2,3,6,7,11,27,37
2368,6,6,13,22,30,31,42
2369,2,9,20,31,33,38,42
2370,9,13,23,24,25,30,41
2371,16,17,23,24,38,40,44
2372,12,16,18,20,23,25,35
2373,5,11,18,23,24,39,41
2374,1,3,6,7,26,27,39
2375,1,9,17,23,30,35,38
2376,1,3,6,31,35,40,42
2377,6,13,24,26,27,32,35
2378,3,8,10,12,14,36,40
2379,5,12,13,15,20,29,36
2380,8,17,17,24,30,42,43
2381,18,20,24,28,29,31,38
2382,1,12,19,22,24,33,37
2383,9,17,18,25,27,41,45
2384,1,4,5,13,16,23,26
2385,2,4,9,34,39,42,43
2386,8,13,15,18,22,37,45
2387,2,4,6,11,28,42,43
2388,15,17,19,28,30,32,36
2389,1,2,6,17,18,18,21
2390,10,12,16,22,26,33,34
2391,3,4,17,25,28,34,41
2392,2,3,14,25,27,29,38
2393,1,3,4,12,22,27,39
2394,4,5,6,8,18,27,44
2395,6,8,21,23,28,30,34
2396,2,5,6,12,15,28,36
2397,5,15,15,18,19,33,43
2398,3,8,19,25,30,31,45
2399,15,20,22,29,33,39,43
2400,3,4,11,16,26,41,44
2401,3,13,16,22,29,31,32
2402,2,5,13,16,27,41,43
2403,6,6,14,15,28,37,43
2404,5,9,10,20,24,29,31
2405,2,11,12,17,24,30,36
2406,4,9,16,21,25,41,45
2407,9,14,19,33,34,39,44
2408,2,5,9,11,14,23,27
2409,6,10,13,26,32,33,35
2410,1,2,19,22,28,32,45
2411,5,5,6,22,33,34,45
2412,3,4,9,10,12,30,31
2413,4,12,16,22,31,36,40
2414,2,15,16,16,24,33,42
2415,16,19,26,29,31,40,44
2416,8,14,20,23,30,38,45
2417,14,21,23,26,32,36,40
2418,4,6,20,21,30,32,44
2419,2,17,20,22,31,34,45
2420,6,7,15,26,28,34,40
2421,9,20,26,34,36,37,39
2422,13,17,18,23,24,29,30
2423,7,16,16,18,31,34,42
2424,4,15,18,20,20,41,43
2425,4,18,23,27,30,32,42
2426,8,20,27,30,31,37,38
2427,9,15,18,29,30,41,43
2428,2,3,4,4,13,16,42
2429,5,7,17,29,31,42,45
2430,3,11,11,14,24,26,37
2431,9,12,14,17,28,29,30
2432,13,16,18,27,31,35,45
2433,12,16,22,23,24,30,31
2434,7,8,21,25,26,30,45
2435,2,4,19,21,22,28,31
2436,1,4,24,26,30,31,38
2437,3,4,22,24,28,29,32
2438,8,10,12,17,24,40,42
2439,2,11,16,23,35,40,42
2440,1,15,20,23,27,35,41
2441,18,21,22,23,29,34,36
2442,5,11,16,19,22,28,31
2443,5,18,23,25,34,37,40
2444,7,10,22,24,29,29,30
2445,1,2,3,5,14,15,25
2446,6,14,16,17,29,32,34
2447,9,11,13,21,32,35,44
2448,13,25,26,32,36,42,43
2449,10,16,20,30,31,39,45
2450,12,20,26,28,37,38,39
2451,15,23,24,25,32,33,44
2452,4,11,27,32,36,39,42
2453,1,8,12,22,24,30,35
2454,3,11,21,23,31,33,44
2455,1,6,6,7,8,19,31
2456,10,15,20,22,23,29,33
2457,1,13,23,37,38,39,42
2458,1,13,17,22,29,43,45
2459,3,10,12,13,16,20,29
2460,6,7,8,10,12,24,13
2461,6,7,9,19,27,32,41
2462,2,10,17,27,31,40,42
2463,2,3,6,25,30,31,33
2464,1,5,7,15,33,34,37
2465,2,10,25,29,36,37,40
2466,2,10,12,14,18,21,39
2467,1,8,10,17,29,36,38
2468,3,8,12,19,21,34,40
2469,2,4,22,25,29,31,39
2470,4,6,16,21,28,40,45
2471,1,7,10,31,33,43,45
2472,5,10,14,21,30,39,44
2473,8,11,13,18,21,30,31
2474,1,12,16,20,22,27,31
2475,7,15,22,23,36,37,45
2476,5,19,21,22,34,36,41
2477,13,22,31,34,35,40,43
2478,2,19,23,26,28,29,32
2479,1,6,25,28,29,29,32
2480,2,16,22,23,31,37,39
2481,5,5,13,23,25,27,37
2482,6,7,9,18,28,32,35
2483,12,16,20,26,29,40,41
2484,16,20,24,31,33,34,41
2485,10,19,22,33,37,44,45
2486,1,20,21,22,23,29,30
2487,5,11,12,17,20,26,30
2488,1,17,22,30,35,44,45
2489,1,3,8,10,12,13,14
2490,4,7,13,22,27,39,45
2491,8,10,10,13,21,25,45
2492,2,8,14,14,20,21,37
2493,3,7,11,17,31,34,41
2494,4,8,16,17,21,38,42
2495,5,9,11,24,26,27,29
2496,9,24,28,33,36,37,40
2497,7,8,31,35,36,39,44
2498,4,11,16,20,27,30,41
2499,5,6,7,22,34,42,45
2500,6,11,26,29,30,39,41
2501,3,14,26,31,34,36,41
2502,1,16,18,22,24,25,36
2503,15,17,20,21,38,39,44
2504,1,8,14,17,25,36,42
2505,6,8,11,18,21,28,30
2506,1,3,5,15,23,32,42
2507,4,24,28,29,32,39,44
2508,8,9,14,15,27,29,32
2509,1,2,11,14,31,42,43
2510,4,15,24,28,29,35,42
2511,6,9,18,29,30,31,37
2512,9,18,22,25,37,40,43
2513,4,17,22,26,26,34,37
2514,1,23,25,27,31,40,42
2515,4,4,14,23,27,43,45
2516,3,8,13,21,22,24,36
2517,6,10,11,11,13,15,42
2518,7,15,28,31,32,39,42
2519,1,4,6,18,30,31,32
2520,9,12,16,22,23,29,31
2521,10,13,24,25,29,33,42
2522,2,18,29,30,41,43,44
2523,1,4,5,6,18,28,30
2524,5,9,13,21,31,37,39
2525,5,8,9,14,22,24,29
2526,5,10,12,28,33,36,39
2527,12,13,15,23,26,38,43
2528,9,19,23,32,38,39,43
2529,9,22,26,30,31,35,43
2530,7,14,23,26,32,36,44
2531,12,20,23,29,30,31,41
2532,1,3,6,19,25,42,45
2533,4,6,8,33,42,44,45
2534,1,10,12,16,18,34,36
2535,5,12,14,23,37,38,43
2536,6,16,17,22,23,31,33
2537,8,12,20,27,31,36,40
2538,8,19,22,23,24,28,33
2539,1,5,11,12,27,33,38
2540,6,7,9,12,13,31,44
2541,3,18,24,26,30,32,33
2542,1,7,8,13,17,22,33
2543,10,20,31,35,40,43,44
2544,7,13,14,14,15,18,44
2545,13,14,15,17,20,38,45
2546,10,14,16,19,21,37,41
2547,2,4,13,22,24,25,39
2548,5,8,17,27,28,32,34
2549,1,14,22,25,36,43,44
2550,5,7,10,29,30,34,41
2551,3,6,8,9,23,38,39
2552,3,4,12,14,18,26,42
2553,10,15,17,20,23,25,31
2554,3,4,5,10,19,19,35
2555,12,14,16,23,23,29,40
2556,7,9,21,26,28,30,41
2557,6,7,11,23,29,42,44
2558,2,2,4,7,10,29,43
2559,5,6,10,12,22,23,40
2560,9,11,15,16,36,38,43
2561,5,12,12,23,26,29,31
2562,4,12,13,15,16,29,43
2563,8,19,19,30,31,33,43
2564,7,9,23,29,37,40,43
2565,3,26,28,32,34,43,45
2566,12,16,21,29,30,34,40
2567,2,7,12,17,18,25,27
2568,6,7,12,13,22,28,29
2569,2,9,18,21,22,32,40
2570,3,6,13,15,25,28,43
2571,1,3,16,17,24,29,45
2572,10,20,23,28,34,38,42
2573,1,3,11,13,19,23,37
2574,1,16,27,32,34,35,42
2575,8,16,17,25,26,30,43
2576,4,7,10,13,16,18,19
2577,7,9,17,22,23,35,41
2578,2,5,11,18,23,24,36
2579,8,14,14,25,31,40,41
2580,3,9,11,18,28,36,42
2581,7,15,17,18,21,25,27
2582,2,7,9,18,25,31,45
2583,2,13,22,28,32,33,38
2584,1,18,19,21,27,30,34
2585,4,6,9,11,17,41,43
2586,8,13,17,18,20,34,39
2587,10,11,20,27,34,39,45
2588,3,8,15,29,32,35,39
2589,3,7,10,18,31,36,43
2590,8,12,13,21,22,27,38
2591,9,11,14,23,25,33,35
2592,11,13,17,23,29,39,40
2593,2,4,7,24,25,35,36
2594,1,6,6,11,20,24,34
2595,9,11,26,30,32,41,43
2596,6,12,13,17,27,34,43
2597,6,16,30,35,36,41,45
2598,6,13,20,20,30,31,32
2599,10,11,15,21,23,39,44
2600,4,7,9,11,14,27,20
2601,6,10,15,21,22,30,32
2602,3,5,6,18,21,23,30
2603,6,9,12,25,30,31,34
2604,4,9,10,20,27,28,29
2605,6,7,13,23,34,36,41
2606,17,17,22,32,36,41,45
2607,11,14,15,20,23,24,28
2608,9,15,23,24,28,32,40
2609,5,17,18,20,24,28,38
2610,6,9,19,22,31,39,43
2611,2,3,4,13,24,26,39
2612,3,4,7,12,24,26,44
2613,6,9,10,18,26,37,38
2614,1,13,14,16,30,38,39
2615,18,18,20,27,34,35,41
2616,6,7,16,20,21,28,30
2617,7,10,13,17,24,36,45
2618,8,9,11,28,30,41,43
2619,1,3,6,10,31,32,45
2620,7,16,17,19,28,36,41
2621,8,10,19,22,24,39,40
2622,14,22,23,24,32,35,38
2623,2,5,17,22,29,33,36
2624,7,21,29,31,32,38,45
2625,7,17,23,24,24,26,28
2626,11,16,23,28,29,30,35
2627,3,9,13,14,27,31,34
2628,3,4,4,9,22,35,45
2629,7,16,22,23,25,28,43
2630,9,11,15,27,28,30,40
2631,6,10,14,17,29,33,44
2632,2,7,10,16,18,29,32
2633,21,24,25,32,38,39,43
2634,2,21,23,25,25,27,44
2635,12,13,16,21,28,28,39
2636,2,3,12,15,28,29,41
2637,5,10,26,29,34,35,41
2638,6,9,14,16,19,39,42
2639,7,12,19,23,26,29,31
2640,16,16,18,22,27,35,36
2641,6,19,22,23,26,27,31
2642,1,12,14,21,23,26,37
2643,2,5,6,14,26,40,44
2644,14,17,19,28,30,37,44
2645,1,2,2,3,15,31,42
2646,2,6,8,13,21,28,37
2647,8,9,9,17,28,29,31
2648,13,17,18,24,27,41,43
2649,10,16,17,29,30,40,42
2650,2,11,14,20,22,32,40
2651,3,4,7,17,21,23,39
2652,10,13,18,27,27,33,44
2653,4,17,30,30,39,43,45
2654,4,11,13,19,33,37,42
2655,7,35,36,40,41,43,44
2656,4,9,11,18,19,41,44
2657,9,10,14,17,23,29,45
2658,6,14,18,19,20,28,39
2659,11,12,17,22,25,27,32
2660,11,20,23,25,32,39,42
2661,4,9,16,23,28,33,38
2662,1,17,20,21,22,24,30
2663,1,4,13,26,34,42,45
2664,1,6,8,8,29,31,36
2665,1,11,13,22,23,24,36
2666,3,7,15,27,30,41,45
2667,3,7,18,18,26,29,30
2668,2,22,25,34,35,37,43
2669,1,5,7,10,22,25,26
2670,10,11,12,16,29,36,38
2671,1,3,13,17,28,44,45
2672,1,5,6,18,27,29,44
2673,2,5,9,14,24,28,36
2674,6,9,12,17,20,24,26
2675,7,8,15,15,23,27,36
2676,2,9,13,17,19,29,44
2677,2,11,21,22,36,37,44
2678,8,15,17,21,26,33,37
2679,7,11,12,16,29,34,41
2680,1,3,18,31,32,36,43
2681,1,6,13,19,21,23,37
2682,5,10,11,15,19,34,35
2683,13,16,20,21,28,32,36
2684,9,17,23,24,28,31,33
2685,5,7,20,21,35,38,45
2686,4,24,24,27,37,40,42
2687,12,18,27,27,28,32,42
2688,4,7,18,23,24,31,35
2689,3,8,12,24,39,40,41
2690,7,12,13,19,20,27,28
2691,10,11,18,27,30,34,44
2692,1,4,11,14,34,35,43
2693,12,17,19,23,30,36,41
2694,6,13,17,21,26,36,39
2695,13,20,24,32,41,43,44
2696,7,19,20,24,28,33,36
2697,1,5,7,27,36,38,44
2698,4,5,10,21,22,27,32
2699,3,5,7,8,17,41,45
2700,2,10,12,20,28,33,35
2701,4,6,15,15,16,20,36
2702,3,10,19,37,38,40,41
2703,7,9,22,26,33,39,40
2704,1,3,13,26,36,41,42
2705,13,17,21,22,24,29,45
2706,2,3,20,30,36,37,43
2707,5,5,7,15,24,27,33
2708,9,9,12,21,22,28,43
2709,4,12,16,18,22,23,43
2710,14,16,27,28,29,36,40
2711,7,18,20,26,41,43,44
2712,5,15,17,23,29,31,33
2713,4,5,15,16,26,34,40
2714,14,17,30,32,33,38,41
2715,3,3,19,21,27,33,34
2716,3,4,5,6,9,24,29
2717,8,9,9,12,31,44,45
2718,4,7,9,13,17,18,23
2719,12,13,16,20,21,24,35
2720,2,17,20,20,33,36,37
2721,12,20,23,25,38,43,44
2722,9,14,17,27,32,33,45
2723,1,11,12,17,23,30,31
2724,5,8,13,17,25,27,29
2725,5,8,11,38,39,41,45
2726,1,11,12,20,25,26,36
2727,2,8,15,15,21,27,35
2728,6,8,13,19,19,23,29
2729,7,12,21,22,34,39,42
2730,2,4,5,15,26,30,40
2731,1,19,29,33,36,37,40
2732,1,2,18,21,31,42,44
2733,5,12,13,17,36,43,44
2734,1,2,9,19,24,42,45
2735,12,22,31,34,36,38,39
2736,1,11,16,27,37,43,44
2737,9,15,18,19,21,26,30
2738,1,9,10,15,17,23,34
2739,4,9,14,26,26,30,43
2740,5,15,29,30,36,37,45
2741,2,3,3,9,13,14,39
2742,7,8,12,28,29,32,42
2743,8,9,10,11,20,22,38
2744,8,14,14,22,24,29,41
2745,9,17,18,18,32,33,44
2746,4,7,21,27,34,36,42
2747,13,22,24,30,31,34,38
2748,5,8,17,22,28,35,43
2749,7,13,15,19,31,38,43
2750,4,11,12,17,20,40,41
2751,5,7,8,19,20,23,30
2752,1,3,9,11,11,35,38
2753,14,16,17,25,27,28,35
2754,1,2,8,9,16,18,33
2755,6,8,10,14,18,21,21
2756,8,18,19,25,30,31,38
2757,12,15,16,21,25,28,26
2758,2,7,10,12,29,35,38
2759,5,29,33,34,37,42,44
2760,9,9,16,22,26,33,45
2761,2,3,12,19,21,23,45
2762,5,12,16,17,18,33,40
2763,4,20,31,33,37,39,45
2764,1,4,21,23,23,39,44
2765,1,8,22,25,26,32,36
2766,11,28,30,32,37,43,45
2767,2,4,8,12,15,23,27
2768,6,10,15,22,28,30,40
2769,1,4,6,9,12,25,41
2770,13,20,27,32,40,41,44
2771,4,11,16,17,22,26,32
2772,10,20,20,26,28,41,44
2773,6,22,23,24,25,31,37
2774,7,9,10,19,22,27,42
2775,7,30,30,37,42,44,45
2776,3,6,23,31,35,37,39
2777,4,6,7,9,11,21,45
2778,5,8,10,12,27,35,39
2779,3,13,14,17,22,31,44
2780,8,17,21,32,35,39,43
2781,13,20,20,22,25,33,37
2782,5,7,10,24,34,36,37
2783,9,11,27,30,38,39,43
2784,1,3,7,8,16,21,24
2785,4,6,13,30,33,38,41
2786,8,11,14,17,18,27,32
2787,5,6,11,22,25,27,33
2788,1,15,17,31,37,38,45
2789,2,5,18,22,26,34,36
2790,12,14,18,22,23,28,41
2791,9,17,21,25,28,37,40
2792,14,15,21,24,25,29,36
2793,1,10,13,15,27,34,41
2794,4,5,9,13,17,20,29
2795,3,7,8,19,38,41,43
2796,9,12,14,18,19,25,33
2797,13,15,20,21,30,40,42
2798,11,15,19,22,30,32,33
2799,1,3,13,22,22,24,42
2800,2,12,17,26,29,34,39
2801,4,7,9,10,23,29,30
2802,3,14,22,27,31,33,34
2803,3,6,6,10,13,23,27
2804,10,15,19,24,29,31,42
2805,8,12,13,15,26,33,42
2806,9,17,20,24,26,40,44
2807,18,20,22,25,26,42,44
2808,7,10,11,12,16,24,42
2809,17,20,22,27,30,36,37
2810,4,14,25,31,34,42,45
2811,3,19,30,35,42,44,45
2812,7,11,12,16,22,26,38
2813,4,10,21,26,38,41,43
2814,13,14,23,30,36,40,43
2815,7,10,17,24,26,27,31
2816,3,4,6,21,29,33,35
2817,11,20,24,24,38,39,44
2818,22,23,27,28,29,32,38
2819,3,5,31,36,37,42,43
2820,4,7,9,16,24,39,40
2821,8,8,10,11,25,27,43
2822,1,4,11,15,18,33,42
2823,6,14,25,28,31,38,44
2824,4,8,14,18,24,31,35
2825,16,18,22,23,25,29,34
2826,5,6,10,21,25,26,37
2827,1,10,15,28,34,38,41
2828,1,4,11,14,20,23,36
2829,7,16,20,22,25,26,27
2830,2,3,11,14,15,33,40
2831,8,9,13,14,16,22,43
2832,2,6,8,18,23,27,39
2833,3,21,31,35,36,38,45
2834,22,23,25,38,41,44,45
2835,24,28,30,33,35,37,38
2836,1,8,10,15,21,28,40
2837,4,16,19,22,27,36,39
2838,8,12,20,28,31,32,40
2839,2,3,11,15,27,41,45
2840,10,15,26,27,32,38,42
2841,1,11,13,18,24,26,44
2842,6,11,22,22,31,36,41
2843,3,12,17,25,27,28,43
2844,4,15,17,19,22,29,23
2845,1,2,12,20,22,31,43
2846,4,6,9,14,19,22,34
2847,2,9,12,22,24,31,34
2848,1,5,7,13,24,27,45
2849,8,14,17,22,30,34,41
2850,1,7,10,20,23,25,35
2851,7,13,17,19,20,23,26
2852,9,13,18,19,23,27,28
2853,4,9,26,27,30,37,44
2854,2,3,16,18,19,25,38
2855,6,11,14,16,30,32,34
2856,10,11,13,23,29,31,38
2857,7,11,13,25,36,37,38
2858,5,16,17,30,32,33,41
2859,4,5,11,20,26,37,45
2860,15,17,24,32,36,37,42
2861,12,19,21,22,26,27,29
2862,1,2,12,15,28,35,38
2863,4,7,23,27,35,41,43
2864,8,9,14,18,20,32,34
2865,9,10,11,14,15,18,42
2866,10,11,15,19,22,34,45
2867,6,18,25,28,43,44,45
2868,15,19,22,23,31,40,45
2869,1,11,25,25,39,41,44
2870,9,12,22,23,29,31,37
2871,2,9,26,33,36,38,42
2872,1,5,11,24,31,32,36
2873,8,18,25,27,33,42,43
2874,10,12,12,14,28,36,40
2875,6,7,15,19,26,31,33
2876,14,19,19,26,30,41,45
2877,15,16,22,30,34,38,42
2878,4,7,11,22,26,29,38
2879,7,8,13,14,28,29,44
2880,2,7,21,29,31,41,45
2881,5,8,19,20,27,41,45
2882,6,8,9,23,28,41,44
2883,2,5,9,12,17,31,44
2884,1,11,13,15,16,21,22
2885,3,7,9,14,19,19,35
2886,1,16,18,21,23,36,41
2887,6,14,15,26,27,31,32
2888,4,12,25,26,30,36,40
2889,2,3,19,21,24,25,41
2890,7,8,22,32,36,39,44
2891,10,12,13,17,25,34,44
2892,1,6,11,14,23,37,44
2893,12,16,17,28,30,31,42
2894,2,7,11,19,21,42,45
2895,1,16,24,31,38,39,45
2896,1,11,22,28,28,31,32
2897,2,6,10,27,31,31,34
2898,4,15,21,24,34,37,44
2899,4,7,16,18,24,28,29
2900,8,11,13,16,26,29,42
2901,1,5,9,14,28,30,39
2902,5,7,13,18,19,22,45
2903,8,9,12,18,21,22,32
2904,4,17,24,25,28,41,42
2905,15,20,21,28,28,35,43
2906,1,2,13,16,22,27,33
2907,5,15,20,23,40,42,44
2908,2,8,9,15,22,23,25
2909,3,5,12,23,31,34,39
2910,14,16,17,25,27,28,40
2911,8,11,15,19,27,32,43
2912,3,5,9,23,23,25,31
2913,2,18,20,26,38,43,44
2914,14,17,27,28,30,32,36
2915,3,10,11,31,37,39,43
2916,6,10,17,27,28,42,45
2917,4,7,8,9,33,36,43
2918,3,13,25,33,36,42,45
2919,16,26,27,34,39,41,45
2920,1,12,20,27,32,33,36
2921,2,8,11,16,24,36,43
2922,6,24,27,27,29,40,43
2923,5,12,20,30,32,37,38
2924,3,6,14,22,31,36,44
2925,5,6,14,22,27,40,43
2926,4,10,10,15,17,22,31
2927,4,6,12,14,20,29,35
2928,1,4,5,12,17,30,45
2929,14,15,20,20,23,33,44
2930,5,13,15,16,21,24,28
2931,13,27,33,37,40,41,44
2932,2,3,4,18,29,30,44
2933,4,6,7,8,24,29,42
2934,10,13,15,21,29,31,33
2935,3,7,13,20,36,39,45
2936,1,8,14,17,28,32,38
2937,3,7,11,20,21,25,33
2938,1,4,10,16,24,36,42
2939,5,8,9,15,16,27,21
2940,5,10,11,23,31,41,43
2941,3,10,11,17,19,27,37
2942,5,7,12,20,25,26,39
2943,10,14,18,19,34,35,36
2944,14,15,18,21,27,32,45
2945,8,11,16,17,21,33,40
2946,3,7,10,21,21,32,38
2947,5,8,20,24,27,39,40
2948,4,6,13,17,28,32,35
2949,1,6,10,11,13,29,45
2950,4,5,7,15,27,37,42
2951,1,8,11,18,32,34,41
2952,2,3,9,12,23,28,43
2953,5,8,15,21,26,27,43
2954,5,8,18,19,31,32,42
2955,1,7,13,23,24,28,38
2956,8,10,14,17,26,34,37
2957,17,19,29,38,40,41,42
2958,2,9,19,23,35,39,45
2959,5,11,13,18,19,20,36
2960,9,10,12,14,26,33,40
2961,8,12,13,29,31,39,40
2962,1,16,19,22,31,34,44
2963,4,7,11,19,27,39,43
2964,4,23,29,30,35,37,38
2965,17,25,26,29,34,39,44
2966,2,9,11,12,22,30,37
2967,3,8,24,26,28,40,43
2968,7,9,21,29,38,44,45
2969,5,10,11,16,32,37,43
2970,2,3,6,14,19,23,24
2971,6,11,17,20,28,35,38
2972,21,21,22,25,32,33,36
2973,1,5,16,24,34,38,45
2974,11,12,16,22,23,28,27
2975,1,3,17,37,40,41,42
2976,3,4,7,18,30,37,44
2977,3,4,7,8,17,19,33
2978,1,7,9,11,24,25,31
2979,14,15,16,19,32,34,44
2980,16,18,18,19,21,37,39
2981,3,4,16,18,19,21,42
2982,10,11,14,20,25,40,42
2983,13,19,20,24,28,39,43
2984,1,4,9,32,37,40,44
2985,4,15,16,17,27,31,42
2986,3,8,14,22,30,37,42
2987,2,11,13,18,19,33,36
2988,5,6,14,15,22,30,39
2989,2,6,10,18,20,21,23
2990,9,17,18,22,27,29,36
2991,12,15,21,25,26,29,36
2992,8,13,21,22,28,29,37
2993,1,2,6,26,40,41,45
2994,5,6,12,13,25,33,34
2995,9,11,12,25,28,34,47
2996,13,19,28,31,43,45,48
2997,4,9,16,31,34,40,44
2998,8,11,17,20,21,41,49
2999,5,22,23,25,28,33,34
3000,5,20,27,27,38,42,44
3001,12,19,26,30,42,45,46
3002,3,31,32,38,39,40,47
3003,2,6,22,24,38,46,47
3004,2,10,16,19,29,33,42
3005,9,13,15,17,23,27,49
3006,2,10,11,15,17,40,46
3007,2,3,5,19,20,25,36
3008,4,6,14,20,24,36,43
3009,5,9,18,27,28,44,49
3010,1,1,6,7,23,30,45
3011,4,10,17,24,31,37,40
3012,8,17,21,28,29,39,47
3013,11,19,26,33,37,38,40
3014,5,12,15,16,22,26,46
3015,9,11,13,18,21,27,30
3016,5,10,19,22,32,38,44
3017,1,5,15,24,25,25,42
3018,1,4,27,29,42,44,47
3019,1,1,4,18,31,48,49
3020,1,5,22,27,34,35,37
3021,5,7,8,9,15,34,38
3022,12,25,32,41,43,47,48
3023,2,3,9,15,16,33,37
3024,19,21,24,25,31,33,36
3025,5,12,22,26,31,40,47
3026,6,23,24,26,30,36,46
3027,6,15,29,38,40,45,49
3028,2,8,18,20,29,39,41
3029,5,8,10,25,31,45,48
3030,4,9,15,22,31,32,36
3031,12,12,13,26,32,42,47
3032,16,19,22,33,36,37,46
3033,2,17,19,22,36,37,45
3034,1,5,14,18,23,24,26
3035,2,13,19,27,28,41,42
3036,2,7,12,24,27,35,44
3037,5,5,10,11,38,44,47
3038,9,9,11,38,39,44,47
3039,12,14,15,19,20,36,47
3040,7,10,16,19,41,43,45
3041,3,15,19,26,29,38,45
3042,1,5,14,23,23,40,49
3043,5,21,26,30,33,39,47
3044,11,12,30,30,38,45,47
3045,2,11,19,22,29,42,46
3046,3,6,18,21,42,45,49
3047,6,9,12,21,24,25,43
3048,6,13,13,31,32,40,43
3049,3,4,16,18,32,35,48
3050,9,16,17,20,25,27,36
3051,1,9,15,23,28,42,45
3052,2,14,27,30,31,46,47
3053,18,19,28,30,37,46,48
3054,4,6,11,17,22,25,36
3055,7,8,10,17,24,32,43
3056,3,6,7,11,20,21,23
3057,8,14,17,19,45,47,48
3058,17,18,23,32,33,41,45
3059,6,20,21,22,35,36,41
3060,13,17,19,24,25,26,43
3061,5,13,20,26,28,31,38
3062,1,5,9,14,29,32,36
3063,3,4,6,8,14,18,41
3064,8,20,31,35,38,42,49
3065,7,11,11,13,16,38,46
3066,9,15,21,26,27,29,48
3067,5,18,20,28,35,39,46
3068,3,18,22,22,33,47,49
3069,14,25,29,36,38,39,41
3070,2,14,15,26,29,29,31
3071,2,7,12,13,21,30,32
3072,1,6,6,9,18,21,35
3073,5,9,24,33,38,42,44
3074,13,31,33,34,35,37,42
3075,2,10,16,30,32,42,48
3076,3,17,20,25,28,34,46
3077,4,13,18,23,24,34,37
3078,6,9,27,40,42,43,46
3079,2,10,13,21,25,30,49
3080,3,18,21,23,25,26,41
3081,6,11,15,20,33,38,40
3082,6,7,8,10,12,37,45
3083,8,10,12,13,34,38,48
3084,2,6,17,20,21,27,36
3085,3,14,19,20,33,38,41
3086,5,7,8,23,24,29,33
3087,13,16,19,23,25,27,48
3088,5,8,9,12,18,31,48
3089,1,3,9,10,23,24,32
3090,1,3,7,12,15,26,31
3091,10,27,33,38,39,41,47
3092,3,13,14,14,19,25,31
3093,5,8,17,20,30,35,49
3094,8,9,10,19,21,28,33
3095,8,16,24,25,29,31,40
3096,12,28,32,35,40,41,47
3097,1,3,6,15,27,36,41
3098,1,4,5,7,20,26,28
3099,6,8,8,15,20,25,45
3100,6,11,12,17,28,41,48
3101,7,14,15,23,25,28,33
3102,10,13,19,27,36,39,45
3103,5,16,22,22,29,48,49
3104,1,5,22,26,28,48,49
3105,7,9,18,26,29,36,46
3106,1,2,10,18,27,35,48
3107,2,5,26,27,28,37,47
3108,3,9,17,36,40,48,49
3109,8,10,11,12,12,33,41
3110,3,5,16,18,41,46,48
3111,1,14,19,19,37,40,47
3112,5,23,31,36,39,44,46
3113,2,24,26,34,43,44,46
3114,11,30,31,35,37,44,46
3115,3,17,20,34,37,43,48
3116,5,7,24,26,36,44,49
3117,4,8,10,11,39,44,46
3118,6,14,21,25,29,33,40
3119,2,12,17,17,19,20,33
3120,11,14,18,21,22,35,43
3121,10,20,21,24,27,33,46
3122,7,15,16,17,28,35,47
3123,9,21,23,31,35,38,41
3124,3,4,9,18,28,31,46
3125,3,5,6,7,20,21,45
3126,11,13,20,22,29,36,37
3127,1,2,4,7,14,28,41
3128,4,11,18,40,43,48,49
3129,2,11,21,23,24,33,44
3130,16,17,19,25,35,40,48
3131,4,20,22,28,40,41,48
3132,1,9,10,11,22,23,32
3133,2,4,21,26,34,39,49
3134,8,13,14,16,21,24,42
3135,7,8,11,17,39,46,49
3136,3,5,15,29,40,43,49
3137,16,18,19,20,21,27,49
3138,10,18,22,22,37,39,40
3139,7,14,17,23,25,35,49
3140,8,11,15,17,28,29,47
3141,3,6,14,24,33,38,41
3142,7,9,18,30,33,45,47
3143,10,25,29,32,33,34,49
3144,8,10,14,24,29,31,33
3145,2,3,17,20,21,30,33
3146,8,12,20,21,39,43,47
3147,4,9,24,28,35,38,44
3148,8,9,15,28,28,36,39
3149,20,21,22,31,31,39,46
3150,4,10,15,22,28,34,38
3151,1,7,7,30,32,38,46
3152,9,11,13,16,18,48,49
3153,3,4,14,19,26,28,34
3154,11,14,18,21,28,30,39
3155,13,14,19,21,32,33,48
3156,1,3,4,22,25,37,41
3157,3,20,26,28,31,34,40
3158,2,6,7,8,9,14,19
3159,5,9,20,23,46,48,49
3160,1,9,12,26,29,39,49
3161,1,4,12,23,40,46,48
3162,1,10,16,24,26,36,47
3163,2,17,19,19,23,32,49
3164,7,12,20,23,24,30,31
3165,7,15,19,26,31,32,40
3166,8,12,24,30,33,35,39
3167,1,2,15,23,25,33,42
3168,2,6,7,12,19,29,36
3169,9,12,21,27,28,35,43
3170,6,13,18,22,24,26,30
3171,5,11,16,30,36,44,46
3172,4,6,14,18,19,20,35
3173,1,3,5,8,20,23,44
3174,1,12,13,14,27,38,40
3175,11,12,15,16,21,30,32
3176,4,11,18,26,27,34,46
3177,4,6,7,13,15,21,30
3178,7,11,21,22,30,35,39
3179,2,11,14,14,16,31,44
3180,8,11,18,22,35,36,46
3181,2,14,18,21,27,31,44
3182,6,25,26,38,40,44,49
3183,4,6,8,15,28,29,36
3184,1,6,14,24,36,37,39
3185,1,4,8,29,31,37,42
3186,4,8,9,23,26,34,44
3187,11,13,22,30,32,45,46
3188,3,15,16,18,31,35,38
3189,2,10,11,18,21,26,36
3190,1,10,22,35,36,41,49
3191,5,6,11,25,25,35,40
3192,11,19,23,29,32,48,49
3193,1,3,4,12,15,28,48
3194,3,5,9,14,21,32,40
3195,4,6,8,11,13,26,31
3196,3,10,12,18,22,48,49
3197,2,15,20,21,25,27,38
3198,14,17,19,26,31,41,45
3199,8,11,22,28,34,40,46
3200,6,9,15,26,27,37,48
3201,1,3,4,24,29,34,48
3202,3,6,9,14,27,28,46
3203,6,6,13,19,25,26,39
3204,3,10,18,24,30,35,49
3205,13,16,20,31,32,40,41
3206,3,7,9,17,27,39,44
3207,5,14,20,20,23,36,49
3208,2,15,18,24,24,34,35
3209,3,5,8,21,27,40,46
3210,14,19,24,31,32,36,42
3211,1,3,11,19,26,35,39
3212,1,7,13,21,41,48,49
3213,10,17,22,26,34,41,47
3214,8,10,14,15,31,38,40
3215,1,17,21,31,36,39,43
3216,4,21,21,25,40,47,48
3217,2,3,17,19,22,24,40
3218,2,4,15,24,28,37,48
3219,1,3,4,8,19,24,46
3220,5,5,9,11,19,24,37
3221,6,8,8,11,24,37,46
3222,2,12,14,31,36,43,46
3223,4,15,18,24,39,46,47
3224,10,11,19,24,27,36,49
3225,3,22,28,37,38,44,47
3226,8,10,18,25,26,28,46
3227,2,4,29,34,36,42,46
3228,1,2,18,22,35,38,49
3229,5,7,15,20,33,39,44
3230,8,9,29,33,34,42,49
3231,3,6,12,12,25,40,43
3232,2,7,16,17,21,35,42
3233,5,8,16,19,44,48,49
3234,5,14,23,23,28,45,49
3235,8,12,16,19,22,26,46
3236,21,22,25,27,30,32,39
3237,2,11,20,21,29,37,48
3238,6,9,14,17,25,30,36
3239,2,7,10,24,27,29,34
3240,7,10,13,19,23,24,33
3241,8,16,17,31,43,44,48
3242,2,6,13,17,20,23,46
3243,7,8,9,23,28,41,42
3244,22,25,27,27,29,35,49
3245,2,8,14,20,35,36,41
3246,6,16,22,28,36,39,47
3247,2,6,9,9,17,26,46
3248,6,13,28,30,35,39,42
3249,2,9,15,16,19,20,37
3250,6,20,20,30,41,42,45
3251,5,13,18,23,25,28,44
3252,1,27,27,28,40,41,44
3253,28,30,34,38,39,42,46
3254,1,3,28,30,32,40,48
3255,6,10,12,20,27,43,46
3256,10,13,19,20,23,29,31
3257,7,9,13,16,27,32,47
3258,12,17,17,25,28,36,44
3259,2,12,20,25,28,37,38
3260,2,8,22,24,31,32,35
3261,4,7,15,27,31,32,43
3262,1,8,17,24,29,32,45
3263,4,4,13,14,36,41,43
3264,5,8,21,29,30,38,45
3265,8,9,11,12,18,27,45
3266,8,14,15,16,23,24,27
3267,4,18,23,43,44,46,48
3268,21,22,24,31,34,37,44
3269,3,8,11,25,32,44,46
3270,13,15,16,27,29,36,47
3271,1,9,15,17,22,44,46
3272,5,15,21,23,24,39,40
3273,5,7,8,22,25,34,40
3274,9,10,12,19,21,23,43
3275,15,20,21,23,37,39,47
3276,1,19,23,30,34,40,42
3277,4,5,12,20,22,47,49
3278,14,20,21,23,25,26,37
3279,2,9,13,16,29,29,40
3280,3,5,7,9,27,31,34
3281,2,4,6,7,26,40,47
3282,10,11,16,31,35,46,48
3283,13,24,30,33,34,47,49
3284,9,11,16,17,20,27,46
3285,8,11,20,35,39,41,43
3286,2,22,23,24,32,35,41
3287,14,20,24,27,33,37,41
3288,11,13,14,16,30,31,43
3289,3,14,19,22,27,32,36
3290,5,7,17,34,40,42,46
3291,1,10,31,39,45,46,49
3292,2,8,14,17,22,39,46
3293,11,15,17,29,39,41,47
3294,4,7,12,18,21,42,47
3295,11,17,24,26,30,32,39
3296,1,21,28,29,35,39,46
3297,3,31,36,39,40,44,47
3298,4,10,11,22,36,38,46
3299,7,13,19,20,21,32,49
3300,7,11,14,17,18,44,48
3301,12,14,15,29,36,40,45
3302,3,15,18,22,24,32,43
3303,9,14,15,21,28,35,37
3304,7,18,25,26,34,41,48
3305,11,12,26,27,28,29,33
3306,2,2,8,17,18,23,42
3307,5,9,19,23,36,40,44
3308,6,9,14,17,40,43,49
3309,6,12,14,17,21,22,37
3310,6,11,12,16,34,36,49
3311,2,4,15,19,20,26,28
3312,2,9,23,23,35,38,48
3313,3,10,25,26,32,36,37
3314,8,20,30,30,43,46,48
3315,2,7,17,18,30,32,47
3316,2,6,8,11,15,19,32
3317,9,22,31,33,41,44,47
3318,3,13,19,21,35,37,44
3319,11,13,16,16,27,34,48
3320,9,11,13,18,20,20,34
3321,11,14,23,41,46,47,49
3322,7,8,23,27,30,42,48
3323,17,22,29,30,36,38,47
3324,4,4,5,19,38,39,40
3325,7,9,10,25,37,45,46
3326,5,11,12,37,39,42,43
3327,1,9,13,14,33,41,48
3328,2,6,10,18,19,31,35
3329,1,2,21,26,27,35,43
3330,6,7,14,17,19,25,29
3331,1,3,5,16,27,28,40
3332,1,3,9,16,34,45,46
3333,3,4,5,13,19,23,47
3334,6,8,10,18,36,44,45
3335,11,22,24,25,40,45,49
3336,1,2,6,15,28,29,49
3337,2,6,12,17,18,26,40
3338,1,2,15,22,29,32,49
3339,1,15,23,25,25,34,47
3340,7,14,25,29,32,44,48
3341,1,4,15,20,22,29,32
3342,5,25,33,38,40,42,48
3343,8,9,15,16,23,40,49
3344,12,12,14,19,23,37,41
3345,15,16,18,30,31,36,41
3346,10,19,21,29,34,37,43
3347,4,12,13,15,22,35,46
3348,4,9,13,15,26,40,44
3349,2,24,28,31,37,40,49
3350,5,6,15,16,30,32,39
3351,2,8,10,14,24,28,40
3352,9,12,12,15,16,29,44
3353,9,15,16,23,25,34,40
3354,3,18,19,31,39,43,46
3355,5,6,13,21,22,27,47
3356,6,13,14,26,27,32,36
3357,11,15,17,21,27,29,33
3358,2,3,12,30,39,43,48
3359,3,5,5,21,30,32,40
3360,9,18,36,40,41,43,49
3361,1,7,12,15,27,32,38
3362,14,16,22,25,27,28,29
3363,18,19,22,32,35,36,44
3364,1,23,30,32,36,37,41
3365,5,14,17,25,26,28,46
3366,7,13,18,21,30,32,35
3367,3,14,23,28,30,32,48
3368,2,7,7,12,15,23,44
3369,4,10,14,35,38,45,47
3370,14,17,24,29,45,46,49
3371,7,17,21,25,29,35,37
3372,8,10,16,21,30,37,44
3373,11,24,25,26,34,36,42
3374,5,9,27,28,28,30,44
3375,11,13,24,26,31,47,49
3376,4,20,22,31,37,43,45
3377,7,12,20,29,31,37,39
3378,11,16,25,30,37,44,49
3379,4,14,29,31,35,42,48
3380,11,15,18,22,23,26,43
3381,4,6,15,21,24,30,35
3382,2,5,25,25,38,44,48
3383,2,7,22,27,28,40,47
3384,2,12,13,26,33,35,38
3385,5,8,11,28,30,32,34
3386,6,9,23,31,38,39,43
3387,4,12,15,25,32,40,41
3388,4,8,16,19,24,32,47
3389,13,14,19,23,35,37,46
3390,2,23,23,26,28,39,40
3391,1,9,13,17,26,28,40
3392,8,10,19,20,30,41,43
3393,1,2,10,15,27,41,46
3394,6,7,18,20,27,36,40
3395,9,13,16,20,23,39,42
3396,1,3,6,13,16,22,36
3397,16,22,23,25,32,33,36
3398,9,10,20,25,38,40,42
3399,2,3,23,23,30,39,41
3400,5,6,16,24,26,27,29
3401,3,9,27,29,30,31,40
3402,3,4,5,13,18,39,40
3403,2,6,15,17,20,23,30
3404,2,6,9,10,15,40,43
3405,6,13,16,17,40,44,48
3406,16,17,21,22,24,25,27
3407,5,12,18,20,30,32,38
3408,6,8,17,24,24,29,47
3409,2,25,27,29,33,42,45
3410,1,11,15,23,24,32,40
3411,4,5,12,23,32,37,42
3412,8,17,18,23,39,43,49
3413,1,11,16,18,24,29,46
3414,1,4,15,24,32,35,48
3415,5,14,17,18,31,46,48
3416,5,22,22,24,40,43,48
3417,7,8,13,15,25,35,48
3418,2,6,10,20,28,29,31
3419,1,6,27,28,41,44,48
3420,3,5,8,14,28,43,49
3421,8,8,13,16,26,28,38
3422,4,12,12,21,34,41,47
3423,15,21,25,27,36,39,44
3424,2,9,14,19,36,46,48
3425,11,17,20,21,22,27,30
3426,16,22,26,28,31,38,46
3427,4,11,19,25,29,40,44
3428,3,5,6,7,29,37,38
3429,5,6,9,16,18,23,47
3430,4,10,10,14,26,39,44
3431,3,11,13,18,23,38,47
3432,15,16,17,30,32,44,48
3433,7,12,15,20,30,33,39
3434,3,5,12,17,24,29,39
3435,9,19,20,27,30,35,46
3436,8,13,18,28,31,43,49
3437,3,12,22,26,37,40,47
3438,1,2,7,36,39,41,42
3439,1,2,11,13,18,41,47
3440,10,13,14,21,27,34,40
3441,5,10,17,22,30,42,48
3442,7,21,38,40,45,46,47
3443,3,4,18,24,32,41,44
3444,6,11,19,28,33,35,38
3445,1,5,11,16,17,22,27
3446,4,6,15,21,30,46,47
3447,5,7,7,9,11,35,49
3448,9,10,11,15,33,39,40
3449,2,10,12,14,20,24,32
3450,18,25,26,29,31,46,49
3451,5,8,14,16,22,34,39
3452,9,12,25,27,28,38,44
3453,20,24,27,28,39,43,48
3454,1,4,6,7,16,39,40
3455,1,2,7,13,29,41,43
3456,6,11,23,26,27,34,49
3457,2,4,14,17,21,25,46
3458,2,5,8,17,18,43,47
3459,2,5,12,13,15,21,31
3460,6,13,23,25,26,34,37
3461,2,15,20,26,28,29,44
3462,1,7,12,22,30,31,36
3463,4,4,17,20,21,33,39
3464,8,9,19,20,24,28,49
3465,5,11,12,13,17,29,47
3466,8,15,19,25,34,35,47
3467,6,15,18,28,33,45,47
3468,12,13,19,22,23,24,44
3469,1,7,14,15,25,32,38
3470,4,10,26,29,31,39,48
3471,2,10,15,24,35,42,47
3472,5,6,6,13,26,32,41
3473,5,9,10,11,18,26,49
3474,2,3,13,19,21,23,31
3475,5,7,9,15,16,38,45
3476,7,18,20,24,46,47,48
3477,12,20,22,23,31,32,46
3478,5,9,17,21,22,27,32
3479,4,12,21,30,30,31,44
3480,3,3,4,12,19,27,30
3481,6,21,24,28,31,32,38
3482,10,10,11,15,17,19,46
3483,1,3,10,13,14,22,39
3484,6,17,20,29,36,40,43
3485,8,19,20,25,26,29,34
3486,8,17,24,25,32,41,48
3487,1,4,25,27,36,41,47
3488,1,5,7,27,30,38,48
3489,4,7,9,21,34,36,45
3490,8,9,11,22,23,24,29
3491,6,11,12,28,43,45,47
3492,4,15,15,30,35,36,43
3493,14,18,20,25,28,31,42
3494,7,22,23,30,34,43,47
3495,4,5,25,29,30,31,33
3496,4,10,24,29,32,37,44
3497,1,3,8,22,30,31,48
3498,4,5,15,16,20,21,26
3499,1,4,5,8,22,27,34
3500,12,33,34,36,37,44,49
3501,3,11,15,27,29,40,42
3502,2,6,19,19,20,26,45
3503,1,14,22,25,28,29,38
3504,7,18,23,26,40,44,48
3505,6,22,29,33,40,45,47
3506,1,2,5,18,20,33,44
3507,5,17,18,27,42,47,48
3508,9,10,19,25,36,44,49
3509,7,10,12,30,33,44,45
3510,9,16,17,29,32,36,40
3511,14,19,22,24,31,45,47
3512,9,10,23,25,29,41,44
3513,9,19,26,30,34,35,46
3514,10,13,16,30,38,42,47
3515,1,3,12,24,45,46,48
3516,7,12,13,26,36,41,46
3517,4,10,18,26,32,34,45
3518,4,5,14,14,25,26,45
3519,2,17,35,37,42,43,47
3520,5,13,21,28,38,47,48
3521,14,24,24,25,29,43,44
3522,5,19,20,27,28,34,36
3523,13,30,31,33,36,44,47
3524,3,4,8,9,38,41,44
3525,5,7,26,28,30,34,46
3526,3,11,20,29,30,39,41
3527,2,9,14,16,21,36,49
3528,1,16,17,18,20,21,30
3529,1,4,16,18,21,30,32
3530,3,6,16,25,35,38,46
3531,6,28,30,34,45,46,48
3532,1,2,14,15,25,34,35
3533,2,5,9,14,26,30,47
3534,9,21,22,27,30,39,44
3535,2,12,22,29,33,36,45
3536,4,10,16,22,23,40,42
3537,19,19,21,27,36,40,44
3538,1,15,23,35,41,42,43
3539,8,16,20,24,25,26,36
3540,3,12,13,30,35,36,40
3541,3,13,15,21,23,30,35
3542,2,6,7,11,15,26,47
3543,9,12,24,34,38,46,47
3544,2,3,4,13,13,16,33
3545,1,11,17,24,28,45,48
3546,11,18,20,20,22,27,37
3547,9,14,23,36,38,40,47
3548,3,27,32,38,43,46,48
3549,7,20,29,30,41,47,49
3550,3,6,9,23,34,42,49
3551,7,10,15,16,21,24,49
3552,8,10,12,15,17,32,46
3553,5,7,13,19,23,44,48
3554,17,17,19,23,30,42,45
3555,7,19,20,26,31,34,40
3556,11,24,24,26,29,42,47
3557,10,27,32,35,36,46,49
3558,2,11,37,39,41,42,46
3559,5,12,14,30,37,38,40
3560,4,9,11,14,22,29,47
3561,1,3,12,18,34,36,49
3562,2,15,16,19,40,47,48
3563,8,19,19,27,33,37,47
3564,10,23,30,35,39,42,49
3565,7,12,13,19,26,42,46
3566,1,7,17,29,30,30,43
3567,2,4,11,14,23,28,47
3568,23,25,37,42,43,47,49
3569,3,9,17,29,38,39,41
3570,2,3,20,36,38,43,48
3571,1,6,22,26,38,39,48
3572,8,9,10,12,16,21,48
3573,6,13,22,34,35,37,43
3574,5,16,18,27,28,29,37
3575,1,20,20,23,24,40,42
3576,4,12,13,20,23,35,36
3577,4,19,25,27,31,34,37
3578,18,24,30,34,38,43,48
3579,1,3,3,10,15,32,40
3580,6,10,28,35,39,41,43
3581,9,10,19,20,29,36,43
3582,5,9,13,29,41,42,43
3583,1,2,15,17,30,35,46
3584,6,15,19,20,26,30,48
3585,1,19,24,24,26,37,41
3586,2,10,13,27,32,41,43
3587,12,15,16,23,25,31,46
3588,3,4,16,27,32,44,47
3589,7,9,11,19,22,36,45
3590,10,15,21,27,36,39,43
3591,2,11,13,14,15,28,45
3592,1,3,9,17,19,36,39
3593,13,16,17,20,21,27,38
3594,4,24,31,36,40,45,48
3595,5,16,27,28,34,41,42
3596,1,7,10,11,21,26,48
3597,5,7,10,14,15,39,44
3598,2,3,7,8,12,21,34
3599,1,10,12,14,40,41,48
3600,14,15,27,28,31,46,48
3601,9,10,11,13,19,20,25
3602,11,22,25,28,30,34,36
3603,2,8,11,19,26,41,49
3604,10,12,27,29,37,39,46
3605,2,3,36,37,44,48,49
3606,3,5,19,25,33,40,44
3607,8,9,12,13,30,37,46
3608,9,11,12,14,22,26,35
3609,1,2,16,20,27,36,44
3610,3,12,19,22,23,34,42
3611,1,7,11,22,23,30,45
3612,2,5,8,26,27,35,48
3613,2,3,25,30,33,35,49
3614,1,3,7,8,11,36,40
3615,7,7,13,14,33,37,48
3616,10,10,17,22,23,27,33
3617,6,14,21,29,45,47,48
3618,5,8,17,27,33,35,41
3619,4,8,15,21,31,36,39
3620,5,11,19,21,22,24,37
3621,28,32,34,40,45,46,47
3622,1,5,8,13,16,35,47
3623,4,4,5,8,12,27,42
3624,1,7,7,9,12,32,36
3625,3,5,8,11,19,26,47
3626,12,14,21,23,25,32,44
3627,2,12,18,23,33,35,37
3628,8,11,15,17,19,21,35
3629,8,9,12,17,25,33,39
3630,6,16,25,28,32,35,37
3631,1,4,6,9,18,27,39
3632,5,8,9,11,24,26,47
3633,8,9,10,25,27,34,42
3634,10,11,23,25,28,46,49
3635,9,13,15,18,20,34,40
3636,1,4,6,15,18,40,44
3637,3,6,8,11,22,36,48
3638,21,24,26,40,42,44,48
3639,1,5,6,7,13,25,37
3640,4,11,12,20,28,30,38
3641,8,8,13,17,27,33,40
3642,11,12,19,26,41,46,47
3643,12,15,15,19,28,35,43
3644,2,5,12,18,24,25,29
3645,2,12,20,22,35,37,44
3646,4,16,17,20,22,25,44
3647,14,15,20,23,29,30,35
3648,1,10,11,15,21,29,44
3649,5,9,11,15,17,25,40
3650,7,8,8,9,14,28,35
3651,4,12,23,27,43,48,49
3652,10,14,15,23,25,35,46
3653,8,10,16,17,19,20,43
3654,3,17,22,22,32,38,48
3655,2,15,18,26,36,42,49
3656,2,19,22,29,29,36,43
3657,3,15,17,18,35,41,42
3658,4,6,6,12,20,31,35
3659,6,10,18,32,33,34,45
3660,2,4,5,13,16,39,47
3661,5,6,11,17,36,41,46
3662,7,12,18,20,29,32,37
3663,11,18,23,24,31,32,33
3664,3,7,9,24,27,36,38
3665,14,15,18,19,30,31,44
3666,1,3,7,21,26,30,39
3667,7,7,14,23,31,39,41
3668,1,9,10,15,22,24,42
3669,5,14,16,23,24,28,45
3670,5,12,15,17,30,38,43
3671,7,8,10,14,17,21,28
3672,1,12,17,21,24,24,44
3673,14,28,31,32,33,38,47
3674,1,4,5,9,17,31,34
3675,5,8,14,20,28,29,36
3676,7,8,9,15,20,23,40
3677,12,18,19,23,24,38,45
3678,3,5,9,14,15,23,26
3679,4,10,19,21,33,42,44
3680,1,21,22,26,38,44,45
3681,3,8,26,30,34,39,46
3682,1,7,22,29,33,40,48
3683,2,12,16,23,26,33,44
3684,3,5,17,19,23,32,38
3685,9,15,24,33,34,36,40
3686,2,12,20,25,29,32,49
3687,10,16,21,28,31,37,38
3688,1,3,9,19,39,40,47
3689,5,17,23,26,27,31,48
3690,5,18,24,26,37,38,49
3691,19,23,24,27,30,36,37
3692,2,3,4,6,10,19,42
3693,1,6,15,31,32,33,44
3694,5,9,19,30,33,37,42
3695,6,13,25,26,41,42,44
3696,9,10,15,16,30,38,48
3697,3,6,10,16,20,33,49
3698,9,23,35,41,42,43,44
3699,20,27,28,33,38,40,44
3700,5,8,14,26,30,30,44
3701,4,10,14,28,30,35,40
3702,1,7,27,28,39,40,49
3703,10,11,26,27,36,37,43
3704,10,14,15,16,24,45,47
3705,5,18,23,24,27,44,49
3706,7,21,22,23,25,42,43
3707,4,18,24,25,40,43,47
3708,3,20,27,28,34,35,46
3709,1,7,15,22,24,26,37
3710,4,7,18,22,36,44,45
3711,7,8,8,20,31,35,41
3712,5,7,11,12,35,48,49
3713,15,23,27,31,34,43,48
3714,1,10,18,39,43,45,48
3715,1,3,16,20,22,35,41
3716,6,20,25,27,32,40,44
3717,1,7,12,26,28,29,32
3718,2,6,12,22,23,40,49
3719,6,7,16,33,37,42,43
3720,1,9,17,30,31,42,43
3721,5,13,18,19,23,40,49
3722,6,16,26,27,37,40,43
3723,4,5,16,18,20,24,34
3724,1,21,23,35,39,44,45
3725,3,9,13,23,24,27,44
3726,4,7,12,13,21,30,35
3727,3,6,12,20,33,46,47
3728,3,7,8,11,20,44,49
3729,8,10,11,17,21,30,44
3730,3,6,13,18,20,26,35
3731,4,13,17,26,31,33,35
3732,2,4,11,13,21,28,38
3733,1,8,10,24,31,32,38
3734,7,21,27,27,30,32,34
3735,5,6,10,22,23,31,40
3736,3,15,28,31,32,44,49
3737,1,7,11,17,28,32,35
3738,9,11,13,14,16,18,28
3739,10,14,23,29,33,37,43
3740,1,4,17,19,35,37,45
3741,1,19,21,22,27,37,44
3742,4,11,15,24,25,41,48
3743,1,9,20,27,28,37,49
3744,3,8,13,24,30,40,44
3745,7,19,22,24,28,29,42
3746,1,8,10,25,32,45,46
3747,14,19,37,38,45,47,49
3748,5,7,17,30,42,47,49
3749,1,20,21,22,23,24,31
3750,3,12,15,22,24,34,45
3751,5,9,10,12,28,39,44
3752,1,4,10,22,24,31,45
3753,4,14,15,28,31,40,42
3754,1,7,7,10,28,31,44
3755,2,11,12,18,27,36,49
3756,4,6,14,23,26,29,30
3757,12,18,20,33,39,42,48
3758,13,16,19,21,32,38,43
3759,6,16,25,26,32,39,47
3760,5,6,11,16,22,28,37
3761,2,12,14,23,32,35,38
3762,5,7,13,35,39,41,45
3763,5,9,12,15,21,30,39
3764,12,15,20,36,38,41,46
3765,16,21,22,40,41,42,46
3766,5,8,13,19,20,21,46
3767,7,10,16,21,23,27,35
3768,6,11,26,30,34,43,45
3769,8,13,19,30,34,37,47
3770,2,12,19,26,28,46,49
3771,6,12,28,29,34,41,47
3772,7,9,14,15,16,17,38
3773,3,5,12,13,16,30,45
3774,2,7,16,16,18,24,45
3775,20,20,25,28,33,40,49
3776,23,24,27,32,38,46,49
3777,21,24,27,27,32,34,38
3778,2,15,17,27,30,41,48
3779,2,3,4,9,27,28,38
3780,7,16,17,20,33,39,49
3781,1,6,11,13,25,34,43
3782,8,10,14,15,36,39,44
3783,3,18,20,36,41,43,47
3784,4,15,21,31,42,43,47
3785,2,6,25,29,30,31,44
3786,1,2,25,28,33,36,40
3787,1,3,10,12,29,45,47
3788,5,14,18,24,37,43,45
3789,2,8,9,33,34,37,49
3790,10,11,12,16,18,32,44
3791,7,15,22,29,34,38,41
3792,2,4,12,18,18,28,43
3793,5,20,22,23,36,42,44
3794,3,5,13,23,24,25,48
3795,4,8,9,15,22,29,31
3796,1,1,18,28,42,43,48
3797,4,5,9,13,18,34,47
3798,1,8,8,11,12,22,46
3799,8,12,15,21,22,39,43
3800,13,15,15,27,29,38,45
3801,1,5,14,19,23,40,45
3802,3,11,19,22,26,43,49
3803,6,19,24,26,34,43,46
3804,27,29,29,31,44,46,49
3805,3,7,16,20,29,33,42
3806,6,10,19,20,22,26,46
3807,8,10,10,18,26,42,47
3808,2,4,8,13,17,22,40
3809,1,8,16,17,24,38,43
3810,2,9,19,20,27,33,37
3811,7,11,17,21,24,41,43
3812,13,16,25,27,41,45,46
3813,4,14,17,25,29,31,49
3814,3,13,21,24,25,26,41
3815,7,10,14,33,37,39,45
3816,10,10,23,28,35,39,46
3817,8,14,15,22,26,34,45
3818,1,10,16,17,23,38,49
3819,3,9,21,21,30,36,46
3820,3,8,11,21,24,24,31
3821,7,16,17,28,28,37,48
3822,1,3,12,20,39,40,47
3823,5,5,6,7,25,28,35
3824,1,6,8,21,35,37,46
3825,3,7,12,22,27,44,49
3826,4,12,15,17,19,24,44
3827,8,14,19,24,26,45,46
3828,4,11,13,16,22,32,46
3829,3,10,26,31,32,44,47
3830,12,18,25,28,29,30,36
3831,1,2,13,15,32,41,47
3832,6,12,22,30,32,42,49
3833,1,3,9,13,15,22,43
3834,2,6,8,12,28,31,37
3835,15,16,22,23,36,40,42
3836,15,20,29,35,47,48,49
3837,22,23,30,31,39,43,49
3838,2,21,26,34,40,43,45
3839,13,23,25,26,30,44,45
3840,3,4,6,21,25,34,40
3841,6,6,10,15,19,20,30
3842,9,18,20,27,37,43,47
3843,5,12,13,23,28,31,39
3844,3,10,16,16,24,42,46
3845,4,9,20,21,22,25,41
3846,2,5,19,23,24,34,44
3847,6,26,27,32,39,44,48
3848,2,15,22,24,26,29,36
3849,6,21,30,35,36,37,45
3850,1,9,10,30,31,38,45
3851,1,3,13,15,18,23,48
3852,4,14,16,30,33,37,42
3853,7,8,15,20,27,34,38
3854,14,21,23,26,29,37,40
3855,1,4,17,27,28,43,45
3856,12,26,30,34,39,41,49
3857,3,13,27,28,42,44,45
3858,6,6,7,31,42,46,47
3859,8,10,10,12,25,32,38
3860,11,13,21,30,31,33,38
3861,9,11,17,17,22,31,43
3862,11,14,20,21,30,37,40
3863,5,6,24,25,32,36,49
3864,4,9,27,30,32,40,49
3865,1,22,26,29,30,48,49
3866,4,16,21,25,28,37,44
3867,1,3,6,8,11,23,34
3868,1,11,11,26,38,41,44
3869,7,15,33,36,40,41,42
3870,7,13,18,18,19,25,29
3871,1,4,7,8,22,34,44
3872,4,15,17,25,35,42,48
3873,5,13,29,30,34,36,48
3874,1,7,15,33,40,45,49
3875,5,5,16,26,28,32,34
3876,6,8,21,31,32,35,48
3877,2,12,22,28,33,34,36
3878,6,15,15,17,42,46,49
3879,2,19,25,28,30,32,46
3880,3,9,22,28,32,37,46
3881,4,5,17,26,28,39,44
3882,5,15,16,29,30,37,46
3883,3,14,30,34,40,45,49
3884,6,13,16,28,34,38,40
3885,2,8,10,30,33,39,41
3886,4,12,13,14,20,21,22
3887,17,18,25,27,32,35,39
3888,10,20,20,26,39,44,46
3889,1,5,18,20,24,38,44
3890,8,10,21,27,27,34,36
3891,2,23,29,31,35,39,45
3892,4,19,25,27,28,29,48
3893,5,7,15,18,31,41,49
3894,3,6,10,16,29,37,45
3895,5,14,22,31,32,41,49
3896,4,8,17,32,33,45,47
3897,1,18,21,21,28,31,41
3898,1,13,24,26,34,37,41
3899,1,3,7,12,15,28,32
3900,14,29,31,31,39,40,48
3901,1,4,4,12,33,45,48
3902,7,17,19,24,26,31,46
3903,1,11,20,21,27,38,48
3904,14,14,18,24,26,37,45
3905,4,7,18,27,32,37,49
3906,2,8,21,28,31,48,49
3907,3,14,19,23,25,28,43
3908,3,13,23,28,28,37,38
3909,2,2,10,12,13,45,48
3910,4,5,7,9,38,41,42
3911,1,5,9,9,25,44,49
3912,12,14,15,26,35,44,46
3913,16,21,27,30,38,40,44
3914,1,7,16,19,20,35,41
3915,2,3,13,15,23,34,37
3916,1,6,17,19,26,34,45
3917,12,24,26,30,32,34,38
3918,2,3,12,22,29,35,42
3919,6,11,20,22,28,32,37
3920,2,3,9,11,17,35,40
3921,6,10,13,16,24,27,43
3922,10,13,15,16,28,29,37
3923,12,13,18,20,22,25,28
3924,2,23,24,30,37,43,45
3925,16,19,20,26,27,33,40
3926,3,30,32,34,38,41,42
3927,4,6,18,26,31,37,38
3928,7,10,16,25,29,42,44
3929,9,11,12,21,22,44,47
3930,14,22,32,34,39,40,42
3931,12,15,16,18,23,24,38
3932,7,8,21,24,25,29,40
3933,11,12,19,23,25,25,41
3934,13,17,18,24,28,37,41
3935,1,8,16,23,24,36,48
3936,5,7,12,17,20,31,35
3937,8,11,20,28,30,36,38
3938,2,9,10,11,43,45,46
3939,15,24,25,26,28,30,35
3940,5,18,28,30,37,38,41
3941,1,3,8,13,22,40,48
3942,10,18,25,44,45,48,49
3943,20,22,24,28,29,40,49
3944,2,2,27,29,36,44,48
3945,5,14,17,20,25,28,37
3946,6,8,16,21,27,31,37
3947,9,12,16,20,25,31,39
3948,15,15,18,22,35,41,48
3949,1,10,19,21,29,35,42
3950,18,21,23,26,35,38,43
3951,2,8,14,26,27,39,42
3952,1,14,28,29,44,45,49
3953,4,13,17,25,27,28,44
3954,5,7,11,15,20,31,47
3955,5,9,11,30,37,40,49
3956,8,14,26,34,35,45,46
3957,1,4,6,15,18,30,48
3958,6,8,18,19,21,33,44
3959,4,23,25,25,27,28,32
3960,6,8,13,17,26,28,37
3961,1,3,12,18,19,27,41
3962,3,4,4,13,31,36,43
3963,8,12,23,24,34,43,46
3964,11,22,28,33,40,43,47
3965,5,10,15,28,36,41,42
3966,18,18,22,29,32,37,47
3967,6,8,11,16,22,33,37
3968,5,9,11,18,25,28,36
3969,2,7,12,29,31,36,45
3970,2,4,5,31,37,43,46
3971,1,5,6,9,31,33,37
3972,9,9,15,20,26,43,49
3973,2,13,16,17,22,24,49
3974,2,12,15,16,28,35,48
3975,7,10,20,32,33,39,48
3976,3,4,22,23,27,39,43
3977,14,23,27,28,34,41,48
3978,6,9,11,17,28,30,45
3979,1,3,28,30,32,33,39
3980,4,5,6,10,14,35,43
3981,1,10,10,13,23,31,34
3982,4,7,10,13,17,30,41
3983,8,10,12,16,17,17,30
3984,3,12,14,16,17,20,30
3985,20,23,24,28,30,34,49
3986,1,8,11,14,17,27,30
3987,1,11,19,21,26,28,33
3988,4,4,9,12,15,31,44
3989,8,15,18,29,34,38,44
3990,11,15,17,22,32,34,40
3991,4,6,15,17,32,37,41
3992,8,10,11,12,14,18,20
3993,4,9,12,15,22,37,47
3994,14,21,25,34,35,43,49
3995,19,24,29,29,30,31,46
3996,2,14,16,22,23,36,42
3997,1,5,12,15,30,42,43
3998,8,23,26,32,36,41,49
3999,2,8,12,27,33,34,43
4000,15,15,24,35,36,42,46
4001,2,3,16,19,26,29,41
4002,2,5,8,22,43,45,48
4003,6,8,18,26,34,35,37
4004,3,9,10,12,27,29,41
4005,2,6,7,13,30,37,39
4006,1,5,13,27,38,40,43
4007,1,4,9,10,16,18,29
4008,5,6,12,14,36,45,49
4009,2,8,15,16,19,33,38
4010,7,13,17,19,22,31,37
4011,9,20,22,23,32,37,47
4012,17,23,26,26,31,38,40
4013,4,30,33,34,38,40,43
4014,2,3,9,15,17,40,48
4015,7,16,22,23,31,41,49
4016,1,10,17,24,25,27,39
4017,12,14,33,39,42,43,48
4018,2,4,10,17,25,36,38
4019,4,13,19,21,44,46,49
4020,20,24,24,28,37,46,47
4021,10,16,28,33,37,45,47
4022,2,6,10,17,18,31,49
4023,4,14,18,25,28,29,44
4024,4,7,12,17,18,23,34
4025,11,13,28,39,43,46,48
4026,12,14,16,29,36,39,40
4027,1,2,14,18,36,44,46
4028,4,7,11,14,21,21,28
4029,25,26,28,31,38,41,42
4030,1,2,4,15,18,28,24
4031,2,10,11,12,21,41,49
4032,5,8,14,15,20,31,49
4033,1,4,8,9,10,16,46
4034,12,17,18,19,31,32,33
4035,13,16,19,22,26,40,49
4036,3,9,10,19,20,23,32
4037,23,34,40,42,44,45,46
4038,8,21,26,30,35,44,49
4039,3,10,13,29,30,32,46
4040,3,9,11,24,29,39,46
4041,6,6,10,13,27,41,49
4042,9,13,32,34,36,38,40
4043,3,7,11,13,13,34,35
4044,6,13,16,18,27,35,46
4045,3,5,6,16,20,32,49
4046,9,10,18,24,35,43,49
4047,7,16,22,26,27,33,43
4048,2,9,13,24,26,30,43
4049,1,3,12,29,31,41,48
4050,7,16,18,22,23,28,35
4051,1,3,7,10,18,34,39
4052,5,8,13,13,28,30,49
4053,1,16,17,23,39,41,42
4054,3,20,25,31,37,39,42
4055,24,24,37,38,42,48,49
4056,2,10,13,15,27,37,40
4057,3,4,16,24,25,43,49
4058,6,19,33,35,38,46,49
4059,5,7,10,32,38,42,47
4060,13,16,26,34,36,42,49
4061,7,17,30,39,42,43,48
4062,9,10,11,13,20,23,42
4063,18,19,24,25,28,31,44
4064,21,22,27,27,35,40,42
4065,9,12,17,23,29,31,46
4066,3,12,14,15,16,21,40
4067,7,7,19,35,40,43,47
4068,10,14,26,27,30,46,48
4069,6,14,14,29,30,35,42
4070,15,17,17,26,31,40,46
4071,1,17,21,30,37,41,43
4072,17,19,21,23,24,30,40
4073,3,8,12,18,24,28,41
4074,1,2,8,12,30,35,49
4075,5,5,8,28,38,40,43
4076,8,9,13,17,39,46,47
4077,6,12,16,20,23,40,48
4078,9,15,16,17,20,34,38
4079,2,15,17,18,19,39,45
4080,3,10,22,32,34,44,48
4081,5,9,15,28,46,48,8
4082,1,5,7,11,19,29,47
4083,2,10,19,21,22,28,31
4084,2,5,5,25,26,29,30
4085,7,10,11,21,32,48,27
4086,3,7,12,38,41,44,49
4087,5,18,27,32,48,49,21
4088,1,10,19,37,40,45,47
4089,2,15,23,29,37,45,49
4090,10,26,26,28,35,37,46
4091,11,27,30,31,33,34,36
4092,3,6,15,16,17,25,34
4093,7,10,15,17,33,36,45
4094,10,12,21,26,27,35,44
4095,2,8,14,19,29,38,41
4096,7,8,17,17,29,32,42
4097,2,5,10,12,14,21,37
4098,9,11,24,24,32,39,49
4099,2,14,16,21,28,36,47
4100,7,19,20,21,22,31,29
4101,4,30,32,40,43,45,49
4102,2,8,15,28,39,42,44
4103,9,11,24,31,34,43,44
4104,14,22,25,29,31,34,43
4105,1,4,18,18,24,37,42
4106,4,13,22,36,38,46,12
4107,2,3,4,16,22,25,39
4108,10,11,16,24,28,34,35
4109,1,3,4,8,13,14,17
4110,4,8,12,21,38,40,43
4111,1,3,8,33,38,39,42
4112,2,11,15,19,35,41,48
4113,10,15,19,25,29,33,37
4114,6,8,9,18,20,45,49
4115,8,15,22,22,24,43,47
4116,1,6,9,11,25,29,36
4117,15,16,22,29,34,35,43
4118,19,22,26,37,40,46,14
4119,6,10,15,22,31,42,48
4120,9,13,14,19,22,31,42
4121,5,13,31,33,34,38,46
4122,2,4,8,16,19,35,39
4123,3,10,13,15,20,32,37
4124,7,14,17,18,23,31,38
4125,4,12,14,24,27,36,38
4126,1,5,30,31,34,38,45
4127,3,10,19,22,34,39,43
4128,3,6,20,24,29,32,44
4129,2,10,11,12,19,25,36
4130,6,13,13,18,22,34,35
4131,3,9,12,17,18,19,34
4132,11,13,20,22,31,47,49
4133,8,24,25,27,34,45,47
4134,6,8,17,27,28,32,46
4135,1,2,10,24,35,45,49
4136,1,4,5,24,36,41,46
4137,8,9,12,15,23,27,47
4138,6,11,11,20,28,33,43
4139,15,17,21,22,35,37,42
4140,2,14,15,18,30,31,43
4141,4,5,13,22,22,24,30
4142,3,8,15,25,28,37,43
4143,2,4,22,24,29,30,33
4144,2,11,18,20,32,38,39
4145,5,5,20,35,39,40,49
4146,3,8,14,15,17,25,27
4147,1,9,12,16,18,35,43
4148,15,16,32,34,35,36,41
4149,4,11,19,21,23,31,35
4150,6,22,22,27,32,37,44
4151,10,11,13,26,26,32,39
4152,11,13,16,29,31,42,48
4153,2,4,19,40,41,46,47
4154,5,6,18,24,26,36,48
4155,9,10,15,29,31,33,49
4156,10,13,15,25,43,45,49
4157,13,16,24,28,34,37,44
4158,8,16,17,19,34,38,48
4159,23,24,26,30,32,37,47
4160,5,9,20,23,27,45,46
4161,2,6,8,28,37,41,49
4162,1,5,5,12,15,22,42
4163,7,9,13,14,17,40,44
4164,12,12,25,33,40,43,46
4165,6,14,16,18,22,35,36
4166,3,19,27,34,35,38,49
4167,4,23,25,28,33,43,48
